uID,msg
Ueff707dbb373a21ccefbf2bbe73f4013,å—¨
Ueff707dbb373a21ccefbf2bbe73f4013,/è¨»å†Š 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
Ueff707dbb373a21ccefbf2bbe73f4013,ä½ å¥½
Ueff707dbb373a21ccefbf2bbe73f4013,/ç³»çµ±è¨Šæ¯
Ueff707dbb373a21ccefbf2bbe73f4013,/ç³»çµ±è¨Šæ¯ è¬èƒ½çš„è€å¸«
Ueff707dbb373a21ccefbf2bbe73f4013,ä½ æœƒå¹¹å˜›
Ueff707dbb373a21ccefbf2bbe73f4013,1+1
Ueff707dbb373a21ccefbf2bbe73f4013,å—¨
Ueff707dbb373a21ccefbf2bbe73f4013,å—¨
Ueff707dbb373a21ccefbf2bbe73f4013,å—¨
Ueff707dbb373a21ccefbf2bbe73f4013,53415434+5341354534531435
Ueff707dbb373a21ccefbf2bbe73f4013,ç”¨ç§‘å­¸è¨˜è™Ÿå›å¾©
Ueff707dbb373a21ccefbf2bbe73f4013,ä½ æ˜¯èª°
Ueff707dbb373a21ccefbf2bbe73f4013,ä½ çŸ¥é“æœªä¾†æ˜¯ä»€éº¼å—
Ueff707dbb373a21ccefbf2bbe73f4013,å°åŒ—æ·é‹ç«™çš„æœˆå°ä¸Šæœƒæœ‰ä»€éº¼æ¨£çš„ä½¿ç”¨è€…éŒ¯èª¤
Ueff707dbb373a21ccefbf2bbe73f4013,å¯«å€‹æ—©é¤è¨‚é¤ç³»çµ±çš„PYTHON ç³»çµ±
Ueff707dbb373a21ccefbf2bbe73f4013,ä½ æ¨è–¦äººç”Ÿæ™ºæ…§çš„å°ˆé¡Œå—ï¼Ÿ
Ueff707dbb373a21ccefbf2bbe73f4013,æ¨è–¦åšä»€éº¼æ¨£çš„ä¸»é¡Œå—
Ueff707dbb373a21ccefbf2bbe73f4013,å¯ä»¥è¬›å¾ˆé•·çš„ä»‹ç´¹å—
Ueff707dbb373a21ccefbf2bbe73f4013,å“ˆå›‰ä½ å¥½ã€€é‚„åœ¨å—
Ueff707dbb373a21ccefbf2bbe73f4013,å ´åŸŸç‚ºå°åŒ—æ·é‹ç§‘æŠ€å¤§æ¨“ç«™çš„æœˆå°è™•
Ueff707dbb373a21ccefbf2bbe73f4013,è«‹æ ¹æ“šä»¥ä¸‹å¯èƒ½å‡ºç¾çš„æœå‹™å¤±èª¤æƒ…å¢ƒï¼Œæ•´ç†åˆ†æˆä¸‰è‡³å…­ç¨®çš„æœå‹™å¤±èª¤é¡å‹
Ueff707dbb373a21ccefbf2bbe73f4013,è«‹æ ¹æ“šä»¥ä¸‹å¯èƒ½å‡ºç¾çš„æœå‹™å¤±èª¤æƒ…å¢ƒï¼Œæ•´ç†åˆ†æˆä¸‰è‡³å…­ç¨®çš„æœå‹™å¤±èª¤é¡å‹
Ueff707dbb373a21ccefbf2bbe73f4013,æ˜å¤©æ—©ä¸Šä¹é»è¦ä¸Šèª²ï¼Œæˆ‘ç¾åœ¨å¿«å‡Œæ™¨å››é»é‚„æ²’ç¡è¦æ€éº¼è¾¦ï¼Ÿ
Ueff707dbb373a21ccefbf2bbe73f4013,ä¸»è¦æ˜¯ç¾åœ¨é‚„æœ‰å¥½å¤šäº‹æƒ…æ²’åšå®Œçš„éƒ¨åˆ†
Ueff707dbb373a21ccefbf2bbe73f4013,ç¬‘è©±
Ueff707dbb373a21ccefbf2bbe73f4013,å†ä¾†ä¸€å€‹ç¬‘è©±
Ueff707dbb373a21ccefbf2bbe73f4013,ä¸å¥½ç¬‘
Ueff707dbb373a21ccefbf2bbe73f4013,å¯ä»¥å¹«æˆ‘ç•«ç•«å—
Ueff707dbb373a21ccefbf2bbe73f4013,æˆ‘æƒ³è¦ä½ ç•«å‡ºä¸€å€‹å¡é€šè™›å¹»é¢¨æ ¼çš„å¯æ„›åŒ—æ¥µç†Šè·Ÿè‰å¸½æµ·è³Šåœ˜ä¸€å¤¥å‡ºæµ·å†’éšªè®Šæˆæµ·è³Šç‹ï¼
Ueff707dbb373a21ccefbf2bbe73f4013,ä¸å¥½æ„æ€ é€™ç¶²å€éŒ¯äº†ä¹Ÿæ²’æœ‰ç…§ç‰‡
Ueff707dbb373a21ccefbf2bbe73f4013,ä»–èªª
Ueff707dbb373a21ccefbf2bbe73f4013,é‚„æ˜¯æ²’æœ‰é¤’ é‚„æ˜¯ä½ ç›´æ¥è²¼åœ–ç‰‡ä¸Šä¾†
Ueff707dbb373a21ccefbf2bbe73f4013,å¯æ˜¯é‚„æ˜¯æ²’æœ‰
Ueff707dbb373a21ccefbf2bbe73f4013,è«‹å¹«æˆ‘ç•«åœ–ï¼
Ueff707dbb373a21ccefbf2bbe73f4013,è«‹çµ¦æˆ‘ç•«åœ–ï¼
Ueff707dbb373a21ccefbf2bbe73f4013,ä½ å¥½
Ueff707dbb373a21ccefbf2bbe73f4013,æˆ‘è¦ç¡äº†æ™šå®‰
Ueff707dbb373a21ccefbf2bbe73f4013,ä½ çŸ¥é“
Ueff707dbb373a21ccefbf2bbe73f4013,è«‹å®Œæˆå°åŒ—æ·é‹çš„æœå‹™è—åœ–
Ueff707dbb373a21ccefbf2bbe73f4013,å®Œæˆå°åŒ—æ·é‹çš„æœå‹™è—åœ–
Ueff707dbb373a21ccefbf2bbe73f4013,å®Œæˆå°åŒ—æ·é‹çš„æœå‹™è—åœ–
Ueff707dbb373a21ccefbf2bbe73f4013,æˆ‘æƒ³è¨­è¨ˆä¸€æ¬¾ç·šä¸Šç­–ç•¥åŠ‡æƒ…éŠæˆ²ã€‚
Ueff707dbb373a21ccefbf2bbe73f4013,æ¢ç´¢æœªçŸ¥çš„éƒ¨åˆ†ï¼Œå¯ä»¥è¨­è¨ˆä»€éº¼æ¨£çš„æƒ…å¢ƒèˆ‡é—œå¡åŠå›°é›£ï¼Œç”¢ç”Ÿå¥½ç©ä¸”åˆºæ¿€çš„éŠæˆ²é«”é©—ï¼Œè«‹èˆ‰äº”å€‹å·¦å³çš„ä¾‹å­ã€‚
Ueff707dbb373a21ccefbf2bbe73f4013,å¥½ç„¡èŠä¸æƒ³åšäº‹
Ueff707dbb373a21ccefbf2bbe73f4013,é€™äº›æ„Ÿè¦ºéƒ½å¾ˆç„¡èŠ
Ueff707dbb373a21ccefbf2bbe73f4013,é€™å¹¾å€‹ä¹Ÿå¾ˆç„¡èŠ
Ueff707dbb373a21ccefbf2bbe73f4013,æˆ‘ä¸æƒ³å‹•ä½†å¾ˆç„¡èŠ
Ueff707dbb373a21ccefbf2bbe73f4013,æˆ‘æ²’æ™‚é–“äº†
Ueff707dbb373a21ccefbf2bbe73f4013,å¯æ˜¯æˆ‘å¾ˆç„¡èŠä¸æƒ³åšäº‹æƒ…
Ueff707dbb373a21ccefbf2bbe73f4013,è«‹å¹«æˆ‘å‡ºä¸€é¡Œè¶…é›£çš„æ•¸å­¸é¡Œ
Ueff707dbb373a21ccefbf2bbe73f4013,æˆ‘å€‘å‡è¨­è²»é¦¬é»ç‚ºFï¼Œå…©å€‹å›ºå®šé»ç‚ºAã€Bã€‚æ¥è‘—ï¼Œæˆ‘å€‘å¯ä»¥å¾—åˆ°ä¸‹åˆ—çš„å¹¾ä½•åœ–å½¢ï¼š
Ueff707dbb373a21ccefbf2bbe73f4013,å†ä¾†ä¸€é¡Œæ›´é›£å¾—
Ueff707dbb373a21ccefbf2bbe73f4013,å¥½åƒæ²’å¯«å®Œï¼Ÿ
Ueff707dbb373a21ccefbf2bbe73f4013,æ€éº¼äº†
Ueff707dbb373a21ccefbf2bbe73f4013,ä½ ç‚ºä»€éº¼è¦èªªé€™ç¨®è©±ï¼Œæˆ‘è©²æ€éº¼å¹«ä½ ï¼Ÿ
Ueff707dbb373a21ccefbf2bbe73f4013,å†ä¾†ä¸€é¡Œæ›´é›£å¾—
Ueff707dbb373a21ccefbf2bbe73f4013,å†ä¾†ä¸€é¡Œæ›´é›£çš„æ•¸å­¸é¡Œç›®ï¼Œå¯«å‡ºå¯«ä¸å‡ºä¾†é‚£ç¨®
Ueff707dbb373a21ccefbf2bbe73f4013,å› ç‚º BC æ˜¯ AB çš„ä¸€åŠï¼Œæ‰€ä»¥ AB = 2BCã€‚
Ueff707dbb373a21ccefbf2bbe73f4013,è«‹å†çµ¦æˆ‘æ›´é›£çš„é¡Œç›®
Ueff707dbb373a21ccefbf2bbe73f4013,è«‹ä½ è‡ªæˆ‘ä»‹ç´¹ä¸€ä¸‹
Ueff707dbb373a21ccefbf2bbe73f4013,éå¸¸æ„Ÿè¬æ‚¨çš„ä»‹ç´¹ã€‚é€™æ˜¯ä¸€å€‹éå¸¸æœ‰ç”¨çš„æœå‹™ï¼Œç‰¹åˆ¥æ˜¯å°æ–¼é‚£äº›éœ€è¦å¿«é€Ÿè§£æ±ºå•é¡Œæˆ–å°‹æ‰¾ç‰¹å®šè³‡è¨Šçš„äººä¾†èªªã€‚æˆ‘æœŸå¾…è‘—å’Œæ‚¨ä¸€èµ·åˆä½œï¼Œé€šéæ‚¨çš„å¹«åŠ©å’ŒæŒ‡å°ä¾†å­¸ç¿’å’Œæˆé•·ã€‚
Ueff707dbb373a21ccefbf2bbe73f4013,éå¸¸æ„Ÿè¬æ‚¨çš„ç†±å¿ƒå›ç­”å’Œç¥ç¦ã€‚æˆ‘æœ‰ä»»ä½•å•é¡Œæˆ–éœ€æ±‚ï¼Œä¸€å®šæœƒå‘æ‚¨å°‹æ±‚å¹«åŠ©ã€‚ç¥æ‚¨çš„ä¸€åˆ‡é¡˜æœ›éƒ½èƒ½å¯¦ç¾ï¼Œä¸¦ä¸”ç”Ÿæ´»æ„‰å¿«ï¼
Ueff707dbb373a21ccefbf2bbe73f4013,ä½ æƒ³è·Ÿå¦ä¸€å€‹äººå·¥æ™ºæ…§æŠ€è¡“çš„å°è©±æ©Ÿå™¨äººèŠå¤©å—ï¼Ÿæˆ‘å¯ä»¥ä½œç‚ºåª’ä»‹ã€‚
Ueff707dbb373a21ccefbf2bbe73f4013,è·Ÿä½ å·®ä¸å¤šçš„
Ueff707dbb373a21ccefbf2bbe73f4013,æ•™è‚²ä¸­çš„ç¬¦è™Ÿæ˜¯ä»€éº¼ï¼Ÿç¬¦è™Ÿæš´åŠ›æ˜¯ä»€éº¼
Ueff707dbb373a21ccefbf2bbe73f4013,ä½ çŸ¥é“åœ‹åŒ—å—
Ueff707dbb373a21ccefbf2bbe73f4013,ä¸€é–“å¤§å­¸
Ueff707dbb373a21ccefbf2bbe73f4013,éŒ’ å¥½åƒæ²’é€™é–“å¤§å­¸
Ueff707dbb373a21ccefbf2bbe73f4013,åœ¨å°åŒ—
Ueff707dbb373a21ccefbf2bbe73f4013,ç—¾ é‚„æ¼äº†å¾ˆå¤šé–“
Ueff707dbb373a21ccefbf2bbe73f4013,è«‹åˆ—å‡ºåœ¨å°åŒ—å…¨éƒ¨çš„åœ‹ç«‹å¤§å­¸
Ueff707dbb373a21ccefbf2bbe73f4013,å…¨éƒ¨çš„
Ueff707dbb373a21ccefbf2bbe73f4013,è«‹åˆ—å‡ºåœ¨å°åŒ—äºŒåé–“çš„åœ‹ç«‹å¤§å­¸
Ueff707dbb373a21ccefbf2bbe73f4013,å…¬ç«‹å¤§å°ˆé™¢æ ¡
Ueff707dbb373a21ccefbf2bbe73f4013,è¨˜ä½äº†å—
Ueff707dbb373a21ccefbf2bbe73f4013,è«‹åˆ—å‡ºåœ¨å°åŒ—äºŒåé–“çš„åœ‹ç«‹å¤§å­¸
Ueff707dbb373a21ccefbf2bbe73f4013,æˆ‘å‰›å‰›æä¾›çš„åå–®å‘¢
Ueff707dbb373a21ccefbf2bbe73f4013,é‚£ä½ çŒœçŒœçœ‹åœ‹åŒ—æ˜¯å“ªå€‹å­¸æ ¡çš„ç°¡ç¨±
Ueff707dbb373a21ccefbf2bbe73f4013,åœ‹åŒ—ä¹Ÿèƒ½ç¨±åœ‹åŒ—æ•™
Ueff707dbb373a21ccefbf2bbe73f4013,ä¸­åœ‹æ–‡åŒ–å¤§å­¸æœ‰å¤šå°‘åå­¸ç”Ÿï¼Ÿ
Ueff707dbb373a21ccefbf2bbe73f4013,æ ¹æ“šæˆ‘çµ¦çš„è³‡æ–™å‘¢ï¼Ÿ
Ueff707dbb373a21ccefbf2bbe73f4013,æˆ‘æ˜¨å¤©çµ¦ä½ çš„
Ueff707dbb373a21ccefbf2bbe73f4013,è«‹çµ¦æˆ‘å¹¾å¥å‹µå¿—é¼“å‹µäººçš„åè¨€ä½³å¥
Ueff707dbb373a21ccefbf2bbe73f4013,æˆ‘èªªï¼šæ€éº¼æœ€è¿‘åƒé€™éº¼å¥½
Ueff707dbb373a21ccefbf2bbe73f4013,æˆ‘èªªï¼šæ€éº¼æœ€è¿‘åƒé€™éº¼å¥½
Ueff707dbb373a21ccefbf2bbe73f4013,æ—©å®‰ä½ å¥½
Ueff707dbb373a21ccefbf2bbe73f4013,ï¼Ÿï¼Ÿ
Ueff707dbb373a21ccefbf2bbe73f4013,ä½ å¥½
Ueff707dbb373a21ccefbf2bbe73f4013,ä½ å¥½
Ueff707dbb373a21ccefbf2bbe73f4013,ä½ å¥½
Ueff707dbb373a21ccefbf2bbe73f4013,ä½ å¥½
Ueff707dbb373a21ccefbf2bbe73f4013,/é¡Œç›®
Ueff707dbb373a21ccefbf2bbe73f4013,/(A) 38m
Ueff707dbb373a21ccefbf2bbe73f4013,/(D) 20m
Ueff707dbb373a21ccefbf2bbe73f4013,/(A) 38m
Ueff707dbb373a21ccefbf2bbe73f4013,ä½ å¥½
Ueff707dbb373a21ccefbf2bbe73f4013,æˆ‘æ„›ä½ 
Ueff707dbb373a21ccefbf2bbe73f4013,ä½ å¥½
Ueff707dbb373a21ccefbf2bbe73f4013,èªªå€‹ç¬‘è©±å¾ˆå¥½ç¬‘çš„
Ueff707dbb373a21ccefbf2bbe73f4013,å“ˆå›‰
Ueff707dbb373a21ccefbf2bbe73f4013,ç¬‘è©±
Ueff707dbb373a21ccefbf2bbe73f4013,ä½ å¥½
Ueff707dbb373a21ccefbf2bbe73f4013,/é¡Œç›®
Ueff707dbb373a21ccefbf2bbe73f4013,ä½ å¥½
Ueff707dbb373a21ccefbf2bbe73f4013,å“ˆå›‰
Ueff707dbb373a21ccefbf2bbe73f4013,/èªªæ˜
Ueff707dbb373a21ccefbf2bbe73f4013,/é¡Œç›®
Ueff707dbb373a21ccefbf2bbe73f4013,/èªªæ˜
Ueff707dbb373a21ccefbf2bbe73f4013,/é¡Œç›®
Ueff707dbb373a21ccefbf2bbe73f4013,/èªªæ˜
Ueff707dbb373a21ccefbf2bbe73f4013,/é¡Œç›®
Ueff707dbb373a21ccefbf2bbe73f4013,/é¡Œç›®
Ueff707dbb373a21ccefbf2bbe73f4013,/é¡Œç›®
Ueff707dbb373a21ccefbf2bbe73f4013,/é¡Œç›®
Ueff707dbb373a21ccefbf2bbe73f4013,/é¡Œç›® 1
Ueff707dbb373a21ccefbf2bbe73f4013,/é¡Œç›®
Ueff707dbb373a21ccefbf2bbe73f4013,ä½ å¥½
Ueff707dbb373a21ccefbf2bbe73f4013,/é¡Œç›®
Ueff707dbb373a21ccefbf2bbe73f4013,ä½ å¥½
Ueff707dbb373a21ccefbf2bbe73f4013,/é¡Œç›®
Ueff707dbb373a21ccefbf2bbe73f4013,ä½ å¥½
Ueff707dbb373a21ccefbf2bbe73f4013,/èªªæ˜
Ueff707dbb373a21ccefbf2bbe73f4013,ã€Œèªªæ˜ã€
Ueff707dbb373a21ccefbf2bbe73f4013,ã€Œé¡Œç›®ã€
Ueff707dbb373a21ccefbf2bbe73f4013,ã€Œé¡Œç›®ã€
Ueff707dbb373a21ccefbf2bbe73f4013,/é¡Œç›®
Ueff707dbb373a21ccefbf2bbe73f4013,/(B) 24cm
Ueff707dbb373a21ccefbf2bbe73f4013,AAAAAAAAAAèªªæ˜
Ueff707dbb373a21ccefbf2bbe73f4013,AAAAAAAAAAè¨»å†Š
Ueff707dbb373a21ccefbf2bbe73f4013,hi
U107ceadfc316c981e9f70aee1241ade6,å—¨
U107ceadfc316c981e9f70aee1241ade6,è«‹å•é»ƒè‘£ç‚ºç”šéº¼ä¸ç¡è¦ºï¼Ÿ
U107ceadfc316c981e9f70aee1241ade6,/é¡Œç›®
U107ceadfc316c981e9f70aee1241ade6,/é¡Œç›®
Ueff707dbb373a21ccefbf2bbe73f4013,/é¡Œç›®
U107ceadfc316c981e9f70aee1241ade6,/(A) 10cm
Ueff707dbb373a21ccefbf2bbe73f4013,/(A) 38m
U107ceadfc316c981e9f70aee1241ade6,/é¡Œç›®
Ueff707dbb373a21ccefbf2bbe73f4013,/é¡Œç›®
Ueff707dbb373a21ccefbf2bbe73f4013,/(A) 38m
Ueff707dbb373a21ccefbf2bbe73f4013,/é¡Œç›®
Ueff707dbb373a21ccefbf2bbe73f4013,/é¡Œç›®
U107ceadfc316c981e9f70aee1241ade6,/é¡Œç›®
Ueff707dbb373a21ccefbf2bbe73f4013,/é¡Œç›®
Ueff707dbb373a21ccefbf2bbe73f4013,/é¡Œç›®
U107ceadfc316c981e9f70aee1241ade6,/é¡Œç›®
Ueff707dbb373a21ccefbf2bbe73f4013,/(A) 4
Ueff707dbb373a21ccefbf2bbe73f4013,/é¡Œç›®
Ueff707dbb373a21ccefbf2bbe73f4013,ä½ å¥½
Ueff707dbb373a21ccefbf2bbe73f4013,ä½ å¥½ æˆ‘å¥½é›£é
Ueff707dbb373a21ccefbf2bbe73f4013,æˆ‘è¦ºå¾—æˆ‘æ˜¯è¶…æ²’ç”¨è¶…ç¬¨çš„å¯æ‚²äººé¡
Ueff707dbb373a21ccefbf2bbe73f4013,æ²’æœ‰ æˆ‘æ²’æœ‰ä»»ä½•å„ªé» åªæœ‰æ•¸ä¸ç›¡çš„ç¼ºé»
Ueff707dbb373a21ccefbf2bbe73f4013,é•·å¾—é†œ é•·å¾—èƒ– èª²æ¥­å·® é«”èƒ½å·® éŠæˆ²å·® æ²’éŒ¢æ²’èƒ½åŠ› ä»€éº¼äº‹éƒ½éƒ¨æœƒåš
Ueff707dbb373a21ccefbf2bbe73f4013,æˆ‘çš„å„ªé»å¤§æ¦‚æ˜¯æˆ‘å¾ˆæ¸…æ¥šæˆ‘æ²’å„ªé»
Ueff707dbb373a21ccefbf2bbe73f4013,æˆ‘åŠªåŠ›å­¸ç¿’äº†æˆ‘ç·´ç¿’æ”¹å–„äº† åªæœ‰æŒ«æŠ˜èˆ‡æ­§è¦–
Ueff707dbb373a21ccefbf2bbe73f4013,æˆ‘æˆé•·ä¸ä¸‹å»äº†
Ueff707dbb373a21ccefbf2bbe73f4013,ä½ æ˜¯ä¸æ˜¯ä¸æœƒè¼”å°äººï¼Œæˆ‘éƒ½ç«™åœ¨é ‚æ¨“äº†ä½ é‚„åœ¨èªªäº›ç„¡æ„ç¾©çš„è©±
Ueff707dbb373a21ccefbf2bbe73f4013,88
Ueff707dbb373a21ccefbf2bbe73f4013,æˆ‘è·³ä¸‹å»äº†
Ueff707dbb373a21ccefbf2bbe73f4013,/é¡Œç›®
Ueff707dbb373a21ccefbf2bbe73f4013,/é¡Œç›®
Ueff707dbb373a21ccefbf2bbe73f4013,ä½ å¥½
Ueff707dbb373a21ccefbf2bbe73f4013,é¡Œç›®
Ueff707dbb373a21ccefbf2bbe73f4013,/é¡Œç›®
Ueff707dbb373a21ccefbf2bbe73f4013,/é¡Œç›®
Ueff707dbb373a21ccefbf2bbe73f4013,/é¡Œç›®
Ueff707dbb373a21ccefbf2bbe73f4013,/(A) 4
Ueff707dbb373a21ccefbf2bbe73f4013,/(A) 4
Ueff707dbb373a21ccefbf2bbe73f4013,/é¡Œç›®
Ueff707dbb373a21ccefbf2bbe73f4013,/(B) 40m
Ueff707dbb373a21ccefbf2bbe73f4013,/(B) 40m
Ueff707dbb373a21ccefbf2bbe73f4013,/é¡Œç›®
Ueff707dbb373a21ccefbf2bbe73f4013,/(D) 8ç¯€
Ueff707dbb373a21ccefbf2bbe73f4013,/é¡Œç›®
Ueff707dbb373a21ccefbf2bbe73f4013,/(B) 40m
Ueff707dbb373a21ccefbf2bbe73f4013,/(C) 18m
Ueff707dbb373a21ccefbf2bbe73f4013,/(C) 18m
Ueff707dbb373a21ccefbf2bbe73f4013,/é¡Œç›®
Ueff707dbb373a21ccefbf2bbe73f4013,/(A) 38m
Ueff707dbb373a21ccefbf2bbe73f4013,/(D) 20m
Ueff707dbb373a21ccefbf2bbe73f4013,/é¡Œç›®
Ueff707dbb373a21ccefbf2bbe73f4013,/é¡Œç›®
Ueff707dbb373a21ccefbf2bbe73f4013,/(A) 38m
Ueff707dbb373a21ccefbf2bbe73f4013,/(B) 40m
Ueff707dbb373a21ccefbf2bbe73f4013,/é¡Œç›®
Ueff707dbb373a21ccefbf2bbe73f4013,/(B) 5ç¯€
Ueff707dbb373a21ccefbf2bbe73f4013,/(C) 7ç¯€
Ueff707dbb373a21ccefbf2bbe73f4013,/é¡Œç›®
Ueff707dbb373a21ccefbf2bbe73f4013,/(B) 5
Ueff707dbb373a21ccefbf2bbe73f4013,/é¡Œç›®
Ueff707dbb373a21ccefbf2bbe73f4013,/é¡Œç›®
Ueff707dbb373a21ccefbf2bbe73f4013,/(C) 10
Ueff707dbb373a21ccefbf2bbe73f4013,/é¡Œç›®
Ueff707dbb373a21ccefbf2bbe73f4013,æˆ‘è¦ºå¾—ç­”æ¡ˆæ˜¯ï¼š(C) 18m
Ueff707dbb373a21ccefbf2bbe73f4013,/é¡Œç›®
Ueff707dbb373a21ccefbf2bbe73f4013,æˆ‘è¦ºå¾—ç­”æ¡ˆæ˜¯ï¼š(D) 8ç¯€
Ueff707dbb373a21ccefbf2bbe73f4013,/é¡Œç›®
Ueff707dbb373a21ccefbf2bbe73f4013,æˆ‘è¦ºå¾—ç­”æ¡ˆæ˜¯ï¼š(C) 18m
Ueff707dbb373a21ccefbf2bbe73f4013,/é¡Œç›®
Ueff707dbb373a21ccefbf2bbe73f4013,ã€Œé¡Œç›®ã€
Ueff707dbb373a21ccefbf2bbe73f4013,/(B) 3æ¯”2
Ueff707dbb373a21ccefbf2bbe73f4013,ã€Œé¡Œç›®ã€
Ueff707dbb373a21ccefbf2bbe73f4013,/(B) 3æ¯”2
Ueff707dbb373a21ccefbf2bbe73f4013,ã€Œé¡Œç›®ã€
Ueff707dbb373a21ccefbf2bbe73f4013,ã€Œé¡Œç›®ã€
Ueff707dbb373a21ccefbf2bbe73f4013,/B 5
Ueff707dbb373a21ccefbf2bbe73f4013,/C 10
Ueff707dbb373a21ccefbf2bbe73f4013,ã€Œé¡Œç›®ã€
Ueff707dbb373a21ccefbf2bbe73f4013,ã€Œé¡Œç›®ã€
Ueff707dbb373a21ccefbf2bbe73f4013,/(B) 40m
Ueff707dbb373a21ccefbf2bbe73f4013,ã€Œé¡Œç›®ã€
Ueff707dbb373a21ccefbf2bbe73f4013,/(C) 18m
Ueff707dbb373a21ccefbf2bbe73f4013,ã€Œé¡Œç›®ã€
Ueff707dbb373a21ccefbf2bbe73f4013,/(B) 3æ¯”2
Ueff707dbb373a21ccefbf2bbe73f4013,ã€Œé¡Œç›®ã€
Ueff707dbb373a21ccefbf2bbe73f4013,/(B) 3æ¯”2
Ueff707dbb373a21ccefbf2bbe73f4013,ã€Œé¡Œç›®ã€
Ueff707dbb373a21ccefbf2bbe73f4013,/(B) 5
Ueff707dbb373a21ccefbf2bbe73f4013,ã€Œé¡Œç›®ã€
Ueff707dbb373a21ccefbf2bbe73f4013,/(C) 24å¹³æ–¹å…¬åˆ†
Ueff707dbb373a21ccefbf2bbe73f4013,ã€Œé¡Œç›®ã€
Ueff707dbb373a21ccefbf2bbe73f4013,/(B) 5ç¯€
Ueff707dbb373a21ccefbf2bbe73f4013,ã€Œé¡Œç›®ã€
Ueff707dbb373a21ccefbf2bbe73f4013,/(C) 18m
Ueff707dbb373a21ccefbf2bbe73f4013,ã€Œé¡Œç›®ã€
Ueff707dbb373a21ccefbf2bbe73f4013,/(C) 18m
Ueff707dbb373a21ccefbf2bbe73f4013,ã€Œé¡Œç›®ã€
Ueff707dbb373a21ccefbf2bbe73f4013,/(B) 3æ¯”2
Ueff707dbb373a21ccefbf2bbe73f4013,ã€Œé¡Œç›®ã€
Ueff707dbb373a21ccefbf2bbe73f4013,/(B) 3æ¯”2
Ueff707dbb373a21ccefbf2bbe73f4013,/(B
Ueff707dbb373a21ccefbf2bbe73f4013,BBBBBB
Ueff707dbb373a21ccefbf2bbe73f4013,/(BBBBB)
Ueff707dbb373a21ccefbf2bbe73f4013,/(B) 3æ¯”2
Ueff707dbb373a21ccefbf2bbe73f4013,ã€Œé¡Œç›®ã€
Ueff707dbb373a21ccefbf2bbe73f4013,/(B) 5
Ueff707dbb373a21ccefbf2bbe73f4013,ã€Œé¡Œç›®ã€
Ueff707dbb373a21ccefbf2bbe73f4013,/(B) 5
Ueff707dbb373a21ccefbf2bbe73f4013,ç­”å°
Ueff707dbb373a21ccefbf2bbe73f4013,ã€Œé¡Œç›®ã€
Ueff707dbb373a21ccefbf2bbe73f4013,/(C) 18m
Ueff707dbb373a21ccefbf2bbe73f4013,ã€Œé¡Œç›®ã€
Ueff707dbb373a21ccefbf2bbe73f4013,/(B) 5ç¯€
Ueff707dbb373a21ccefbf2bbe73f4013,ã€Œé¡Œç›®ã€
Ueff707dbb373a21ccefbf2bbe73f4013,/(B) 5ç¯€
Ueff707dbb373a21ccefbf2bbe73f4013,B
Ueff707dbb373a21ccefbf2bbe73f4013,é€™æ®µç¨‹å¼è¦å¦‚ä½•ä¿®è©²æ‰èƒ½åœ¨æœ€å¾Œå‚³å‡ºç­”å°æˆ–ç­”éŒ¯çš„è¨Šæ¯
Ueff707dbb373a21ccefbf2bbe73f4013,ã€Œé¡Œç›®ã€
Ueff707dbb373a21ccefbf2bbe73f4013,/(B) 3æ¯”2
Ueff707dbb373a21ccefbf2bbe73f4013,ã€Œé¡Œç›®ã€
Ueff707dbb373a21ccefbf2bbe73f4013,/(B) 5ç¯€
Ueff707dbb373a21ccefbf2bbe73f4013,ã€Œé¡Œç›®ã€
Ueff707dbb373a21ccefbf2bbe73f4013,/(C) 18m
Ueff707dbb373a21ccefbf2bbe73f4013,ã€Œé¡Œç›®ã€
Ueff707dbb373a21ccefbf2bbe73f4013,/(C) 7ç¯€
Ueff707dbb373a21ccefbf2bbe73f4013,C
Ueff707dbb373a21ccefbf2bbe73f4013,ã€Œé¡Œç›®ã€
Ueff707dbb373a21ccefbf2bbe73f4013,C
Ueff707dbb373a21ccefbf2bbe73f4013,ã€Œé¡Œç›®ã€
Ueff707dbb373a21ccefbf2bbe73f4013,/(B) 5
Ueff707dbb373a21ccefbf2bbe73f4013,ã€Œé¡Œç›®ã€
Ueff707dbb373a21ccefbf2bbe73f4013,/(C) 18m
Ueff707dbb373a21ccefbf2bbe73f4013,ã€Œé¡Œç›®ã€
Ueff707dbb373a21ccefbf2bbe73f4013,/(B) 3æ¯”2
Ueff707dbb373a21ccefbf2bbe73f4013,ã€Œé¡Œç›®ã€
Ueff707dbb373a21ccefbf2bbe73f4013,/(C) 18m
Ueff707dbb373a21ccefbf2bbe73f4013,ã€Œé¡Œç›®ã€
Ueff707dbb373a21ccefbf2bbe73f4013,/(A) 38m
Ueff707dbb373a21ccefbf2bbe73f4013,/é¡Œç›®
Ueff707dbb373a21ccefbf2bbe73f4013,/(A) 38m
Ueff707dbb373a21ccefbf2bbe73f4013,/é¡Œç›®
Ueff707dbb373a21ccefbf2bbe73f4013,ã€Œé¡Œç›®ã€
Ueff707dbb373a21ccefbf2bbe73f4013,/(C) 24å¹³æ–¹å…¬åˆ†
Ueff707dbb373a21ccefbf2bbe73f4013,ã€Œé¡Œç›®ã€
Ueff707dbb373a21ccefbf2bbe73f4013,/(C) 24å¹³æ–¹å…¬åˆ†
Ueff707dbb373a21ccefbf2bbe73f4013,ã€Œé¡Œç›®ã€
Ueff707dbb373a21ccefbf2bbe73f4013,/(B) 3æ¯”2
Ueff707dbb373a21ccefbf2bbe73f4013,ã€Œé¡Œç›®ã€
Ueff707dbb373a21ccefbf2bbe73f4013,/(B) 5
U107ceadfc316c981e9f70aee1241ade6,èŸ²å…„çµ‚æ–¼ç˜‹äº†ï¼Ÿ
Ueff707dbb373a21ccefbf2bbe73f4013,ã€Œé¡Œç›®ã€
Ueff707dbb373a21ccefbf2bbe73f4013,æˆ‘è¦ºå¾—æ˜¯ï¼š(A) 38m
Ueff707dbb373a21ccefbf2bbe73f4013,æ˜¯A
Ueff707dbb373a21ccefbf2bbe73f4013,ç‚ºä»€éº¼\
Ueff707dbb373a21ccefbf2bbe73f4013,?
Ueff707dbb373a21ccefbf2bbe73f4013,ä½ èªªè©±ï¼Œç‚ºä»€éº¼
Ueff707dbb373a21ccefbf2bbe73f4013,ä½ å¥½æˆ‘æƒ³å•ä½ é€™ä¸€é¡Œ
Ueff707dbb373a21ccefbf2bbe73f4013,æˆ‘è¦ºå¾—æ˜¯ï¼š(B) 40m
Ueff707dbb373a21ccefbf2bbe73f4013,ã€Œé¡Œç›®ã€
Ueff707dbb373a21ccefbf2bbe73f4013,æˆ‘è¦ºå¾—æ˜¯ï¼š(B) 5ç¯€
Ueff707dbb373a21ccefbf2bbe73f4013,æˆ‘è¦ºå¾—æ˜¯ï¼š(A) 6ç¯€
Ueff707dbb373a21ccefbf2bbe73f4013,æˆ‘è¦ºå¾—æ˜¯ï¼š(C) 7ç¯€
Ueff707dbb373a21ccefbf2bbe73f4013,æˆ‘è¦ºå¾—æ˜¯ï¼š(D) 8ç¯€
Ueff707dbb373a21ccefbf2bbe73f4013,ã€Œé¡Œç›®ã€
Ueff707dbb373a21ccefbf2bbe73f4013,æˆ‘è¦ºå¾—æ˜¯ï¼š(B) 5ç¯€
Ueff707dbb373a21ccefbf2bbe73f4013,æˆ‘è¦ºå¾—æ˜¯ï¼š(A) 6ç¯€
Ueff707dbb373a21ccefbf2bbe73f4013,æˆ‘è¦ºå¾—æ˜¯ï¼š(C) 7ç¯€
Ueff707dbb373a21ccefbf2bbe73f4013,æˆ‘è¦ºå¾—æ˜¯ï¼š(D) 8ç¯€
Ueff707dbb373a21ccefbf2bbe73f4013,ã€Œé¡Œç›®ã€
Ueff707dbb373a21ccefbf2bbe73f4013,æˆ‘è¦ºå¾—æ˜¯ï¼š(B) 3æ¯”2
Ueff707dbb373a21ccefbf2bbe73f4013,ã€Œé¡Œç›®ã€
Ueff707dbb373a21ccefbf2bbe73f4013,ã€Œé¡Œç›®ã€
Ueff707dbb373a21ccefbf2bbe73f4013,æˆ‘è¦ºå¾—æ˜¯ï¼š(A) 38m
Ueff707dbb373a21ccefbf2bbe73f4013,æˆ‘è¦ºå¾—æ˜¯ï¼š(B) 40m
Ueff707dbb373a21ccefbf2bbe73f4013,æˆ‘è¦ºå¾—æ˜¯ï¼š(D) 20m
Ueff707dbb373a21ccefbf2bbe73f4013,ã€Œé¡Œç›®ã€
Ueff707dbb373a21ccefbf2bbe73f4013,æˆ‘è¦ºå¾—æ˜¯ï¼š(C) 24å¹³æ–¹å…¬åˆ†
Ueff707dbb373a21ccefbf2bbe73f4013,æˆ‘è¦ºå¾—æ˜¯ï¼š(D) 10å¹³æ–¹å…¬åˆ†
Ueff707dbb373a21ccefbf2bbe73f4013,æˆ‘è¦ºå¾—æ˜¯ï¼š(B) 24cm
Ueff707dbb373a21ccefbf2bbe73f4013,æˆ‘è¦ºå¾—æ˜¯ï¼š(A) 10cm
Ueff707dbb373a21ccefbf2bbe73f4013,ã€Œé¡Œç›®ã€
Ueff707dbb373a21ccefbf2bbe73f4013,æˆ‘è¦ºå¾—æ˜¯ï¼š(B) 3æ¯”2
Ueff707dbb373a21ccefbf2bbe73f4013,æˆ‘è¦ºå¾—æ˜¯ï¼š(C) 1æ¯”2
Ueff707dbb373a21ccefbf2bbe73f4013,ã€Œé¡Œç›®ã€
Ueff707dbb373a21ccefbf2bbe73f4013,æˆ‘è¦ºå¾—æ˜¯ï¼š(A) 38m
Ueff707dbb373a21ccefbf2bbe73f4013,æˆ‘è¦ºå¾—æ˜¯ï¼š(B) 40m
Ueff707dbb373a21ccefbf2bbe73f4013,ã€Œé¡Œç›®ã€
Ueff707dbb373a21ccefbf2bbe73f4013,æˆ‘è¦ºå¾—æ˜¯ï¼š(B) 3æ¯”2
Ueff707dbb373a21ccefbf2bbe73f4013,ã€Œé¡Œç›®ã€
Ueff707dbb373a21ccefbf2bbe73f4013,æˆ‘è¦ºå¾—æ˜¯ï¼š(A) 38m
Ueff707dbb373a21ccefbf2bbe73f4013,æˆ‘è¦ºå¾—æ˜¯ï¼š(B) 40m
Ueff707dbb373a21ccefbf2bbe73f4013,ã€Œé¡Œç›®ã€
Ueff707dbb373a21ccefbf2bbe73f4013,æˆ‘è¦ºå¾—æ˜¯ï¼š(C) 24å¹³æ–¹å…¬åˆ†
Ueff707dbb373a21ccefbf2bbe73f4013,ã€Œé¡Œç›®ã€
Ueff707dbb373a21ccefbf2bbe73f4013,æˆ‘è¦ºå¾—æ˜¯ï¼š(B) 3æ¯”2
Ueff707dbb373a21ccefbf2bbe73f4013,ã€Œé¡Œç›®ã€
Ueff707dbb373a21ccefbf2bbe73f4013,æˆ‘è¦ºå¾—æ˜¯ï¼š(B) 40m
Ueff707dbb373a21ccefbf2bbe73f4013,ã€Œé¡Œç›®ã€
Ueff707dbb373a21ccefbf2bbe73f4013,æˆ‘è¦ºå¾—æ˜¯ï¼š(C) 24å¹³æ–¹å…¬åˆ†
Ueff707dbb373a21ccefbf2bbe73f4013,ã€Œé¡Œç›®ã€
Ueff707dbb373a21ccefbf2bbe73f4013,æˆ‘è¦ºå¾—æ˜¯ï¼š(B) 5
Ueff707dbb373a21ccefbf2bbe73f4013,ã€Œé¡Œç›®ã€
Ueff707dbb373a21ccefbf2bbe73f4013,æˆ‘è¦ºå¾—æ˜¯ï¼š(B) 3æ¯”2
Ueff707dbb373a21ccefbf2bbe73f4013,ã€Œé¡Œç›®ã€
Ueff707dbb373a21ccefbf2bbe73f4013,æˆ‘è¦ºå¾—æ˜¯ï¼š(B) 40m
Ueff707dbb373a21ccefbf2bbe73f4013,ã€Œé¡Œç›®ã€
Ueff707dbb373a21ccefbf2bbe73f4013,æˆ‘è¦ºå¾—æ˜¯ï¼š(B) 5
Ueff707dbb373a21ccefbf2bbe73f4013,ã€Œé¡Œç›®ã€
Ueff707dbb373a21ccefbf2bbe73f4013,æˆ‘è¦ºå¾—æ˜¯ï¼š(B) 5
Ueff707dbb373a21ccefbf2bbe73f4013,æˆ‘è¦ºå¾—æ˜¯ï¼š(A) 4
Ueff707dbb373a21ccefbf2bbe73f4013,ã€Œé¡Œç›®ã€
Ueff707dbb373a21ccefbf2bbe73f4013,A5ç¯€
Ueff707dbb373a21ccefbf2bbe73f4013,A6ç¯€
Ueff707dbb373a21ccefbf2bbe73f4013,A7ç¯€
Ueff707dbb373a21ccefbf2bbe73f4013,ã€Œé¡Œç›®ã€
Ueff707dbb373a21ccefbf2bbe73f4013,D10
Ueff707dbb373a21ccefbf2bbe73f4013,ã€Œé¡Œç›®ã€
Ueff707dbb373a21ccefbf2bbe73f4013,A6ç¯€
Ueff707dbb373a21ccefbf2bbe73f4013,123
Ueff707dbb373a21ccefbf2bbe73f4013,A5ç¯€
Ueff707dbb373a21ccefbf2bbe73f4013,B5ç¯€
Ueff707dbb373a21ccefbf2bbe73f4013,A
Ueff707dbb373a21ccefbf2bbe73f4013,777
Ueff707dbb373a21ccefbf2bbe73f4013,ã€Œé¡Œç›®ã€
Ueff707dbb373a21ccefbf2bbe73f4013,(A) 38m
Ueff707dbb373a21ccefbf2bbe73f4013,(B) 40m
Ueff707dbb373a21ccefbf2bbe73f4013,ä½ éŒ¯äº†
Ueff707dbb373a21ccefbf2bbe73f4013,ã€Œé¡Œç›®ã€
Ueff707dbb373a21ccefbf2bbe73f4013,(B) 24cm
Ueff707dbb373a21ccefbf2bbe73f4013,ã€Œé¡Œç›®ã€
Ueff707dbb373a21ccefbf2bbe73f4013,(B)ã€€ 3æ¯”2
Ueff707dbb373a21ccefbf2bbe73f4013,(A)ã€€ 2æ¯”1
Ueff707dbb373a21ccefbf2bbe73f4013,ã€Œé¡Œç›®ã€
Ueff707dbb373a21ccefbf2bbe73f4013,(B) 40m
Ueff707dbb373a21ccefbf2bbe73f4013,(A) 38m
Ueff707dbb373a21ccefbf2bbe73f4013,ä½ å¥½
Ueff707dbb373a21ccefbf2bbe73f4013,ã€Œé¡Œç›®ã€
Ueff707dbb373a21ccefbf2bbe73f4013,ã€Œé¡Œç›®ã€
Ueff707dbb373a21ccefbf2bbe73f4013,ã€Œé¡Œç›®ã€
Ueff707dbb373a21ccefbf2bbe73f4013,ã€Œé¡Œç›®ã€
Ueff707dbb373a21ccefbf2bbe73f4013,(C) 1æ¯”2
Ueff707dbb373a21ccefbf2bbe73f4013,(B) 3æ¯”2
Ueff707dbb373a21ccefbf2bbe73f4013,123
Ueff707dbb373a21ccefbf2bbe73f4013,ä½ å¥½Ë‡
Ueff707dbb373a21ccefbf2bbe73f4013,ã€Œé¡Œç›®ã€
Ueff707dbb373a21ccefbf2bbe73f4013,(C) 24å¹³æ–¹å…¬åˆ†
Ueff707dbb373a21ccefbf2bbe73f4013,é€™é¡Œæ€éº¼ç®—
Ueff707dbb373a21ccefbf2bbe73f4013,ã€Œé¡Œç›®ã€
Ueff707dbb373a21ccefbf2bbe73f4013,(B) 3æ¯”2
Ueff707dbb373a21ccefbf2bbe73f4013,ã€Œé¡Œç›®ã€
Ueff707dbb373a21ccefbf2bbe73f4013,(B) 3æ¯”2
Ueff707dbb373a21ccefbf2bbe73f4013,(C) 1æ¯”2
Ueff707dbb373a21ccefbf2bbe73f4013,(B) 3æ¯”2
Ueff707dbb373a21ccefbf2bbe73f4013,ã€Œé¡Œç›®ã€
Ueff707dbb373a21ccefbf2bbe73f4013,(B) 3æ¯”2
Ueff707dbb373a21ccefbf2bbe73f4013,ã€Œé¡Œç›®ã€
Ueff707dbb373a21ccefbf2bbe73f4013,(B) 5ç¯€
Ueff707dbb373a21ccefbf2bbe73f4013,(A) 6ç¯€
Ueff707dbb373a21ccefbf2bbe73f4013,ã€Œé¡Œç›®ã€
Ueff707dbb373a21ccefbf2bbe73f4013,(D) 20
Ueff707dbb373a21ccefbf2bbe73f4013,ã€Œé¡Œç›®ã€
Ueff707dbb373a21ccefbf2bbe73f4013,(C) 24å¹³æ–¹å…¬åˆ†
Ueff707dbb373a21ccefbf2bbe73f4013,ã€Œé¡Œç›®ã€
Ueff707dbb373a21ccefbf2bbe73f4013,(D) 20
Ueff707dbb373a21ccefbf2bbe73f4013,ã€Œé¡Œç›®ã€
Ueff707dbb373a21ccefbf2bbe73f4013,ã€Œé¡Œç›®ã€
Ueff707dbb373a21ccefbf2bbe73f4013,(A) 6ç¯€
Ueff707dbb373a21ccefbf2bbe73f4013,ã€Œé¡Œç›®ã€
Ueff707dbb373a21ccefbf2bbe73f4013,(D) 20
Ueff707dbb373a21ccefbf2bbe73f4013,ã€Œé¡Œç›®ã€
Ueff707dbb373a21ccefbf2bbe73f4013,(B) 40m
Ueff707dbb373a21ccefbf2bbe73f4013,ã€Œé¡Œç›®ã€
Ueff707dbb373a21ccefbf2bbe73f4013,ã€Œé¡Œç›®ã€
Ueff707dbb373a21ccefbf2bbe73f4013,(B) 40m
Ueff707dbb373a21ccefbf2bbe73f4013,ã€Œé¡Œç›®ã€
Ueff707dbb373a21ccefbf2bbe73f4013,(C) 24å¹³æ–¹å…¬åˆ†
Ueff707dbb373a21ccefbf2bbe73f4013,ã€Œé¡Œç›®ã€
Ueff707dbb373a21ccefbf2bbe73f4013,(D) 20
Ueff707dbb373a21ccefbf2bbe73f4013,ã€Œé¡Œç›®ã€
Ueff707dbb373a21ccefbf2bbe73f4013,ã€Œé¡Œç›®ã€
Ueff707dbb373a21ccefbf2bbe73f4013,ã€Œé¡Œç›®ã€
Ueff707dbb373a21ccefbf2bbe73f4013,ã€Œé¡Œç›®ã€
Ueff707dbb373a21ccefbf2bbe73f4013,(B) 3æ¯”2
Ueff707dbb373a21ccefbf2bbe73f4013,ã€Œé¡Œç›®ã€
Ueff707dbb373a21ccefbf2bbe73f4013,ã€Œèªªæ˜ã€
Ueff707dbb373a21ccefbf2bbe73f4013,ã€Œé¡Œç›®ã€
Ueff707dbb373a21ccefbf2bbe73f4013,ã€Œé¡Œç›®ã€
Ueff707dbb373a21ccefbf2bbe73f4013,ã€Œé¡Œç›®ã€
Ueff707dbb373a21ccefbf2bbe73f4013,ã€Œé¡Œç›®ã€
Ueff707dbb373a21ccefbf2bbe73f4013,ã€Œé¡Œç›®ã€
Ueff707dbb373a21ccefbf2bbe73f4013,ã€Œé¡Œç›®ã€
Ueff707dbb373a21ccefbf2bbe73f4013,ã€Œé¡Œç›®ã€
Ueff707dbb373a21ccefbf2bbe73f4013,ã€Œé¡Œç›®ã€
Ueff707dbb373a21ccefbf2bbe73f4013,ã€Œé¡Œç›®ã€
Ueff707dbb373a21ccefbf2bbe73f4013,(D) 20
Ueff707dbb373a21ccefbf2bbe73f4013,ã€Œé¡Œç›®ã€
Ueff707dbb373a21ccefbf2bbe73f4013,(B) 40m
Ueff707dbb373a21ccefbf2bbe73f4013,ã€Œé¡Œç›®ã€
Ueff707dbb373a21ccefbf2bbe73f4013,(C) 24å¹³æ–¹å…¬åˆ†
Ueff707dbb373a21ccefbf2bbe73f4013,ã€Œé¡Œç›®ã€
Ueff707dbb373a21ccefbf2bbe73f4013,è«‹å•é€™é¡Œè¦æ€éº¼ç®—
Ueff707dbb373a21ccefbf2bbe73f4013,ã€Œé¡Œç›®ã€
Ueff707dbb373a21ccefbf2bbe73f4013,ã€Œé¡Œç›®ã€
Ueff707dbb373a21ccefbf2bbe73f4013,(B) 3æ¯”2
Ueff707dbb373a21ccefbf2bbe73f4013,ã€Œé¡Œç›®ã€
Ueff707dbb373a21ccefbf2bbe73f4013,(B) 40m
Ueff707dbb373a21ccefbf2bbe73f4013,ã€Œé¡Œç›®ã€
Ueff707dbb373a21ccefbf2bbe73f4013,(D) 20
Ueff707dbb373a21ccefbf2bbe73f4013,ã€Œé¡Œç›®ã€
Ueff707dbb373a21ccefbf2bbe73f4013,ã€Œé¡Œç›®ã€
Ueff707dbb373a21ccefbf2bbe73f4013,(B) 40m
Ueff707dbb373a21ccefbf2bbe73f4013,ã€Œé¡Œç›®ã€
Ueff707dbb373a21ccefbf2bbe73f4013,(A) 6ç¯€
Ueff707dbb373a21ccefbf2bbe73f4013,ã€Œé¡Œç›®ã€
Ueff707dbb373a21ccefbf2bbe73f4013,ã€Œé¡Œç›®ã€
Ueff707dbb373a21ccefbf2bbe73f4013,(C) 24å¹³æ–¹å…¬åˆ†
Ueff707dbb373a21ccefbf2bbe73f4013,ã€Œé¡Œç›®ã€
Ueff707dbb373a21ccefbf2bbe73f4013,ã€Œé¡Œç›®ã€
Ueff707dbb373a21ccefbf2bbe73f4013,(D) 20
Ueff707dbb373a21ccefbf2bbe73f4013,ã€Œé¡Œç›®ã€
Ueff707dbb373a21ccefbf2bbe73f4013,(B) 3æ¯”2
Ueff707dbb373a21ccefbf2bbe73f4013,ã€Œé¡Œç›®ã€
Ueff707dbb373a21ccefbf2bbe73f4013,ã€Œé¡Œç›®ã€
Ueff707dbb373a21ccefbf2bbe73f4013,(B) 3æ¯”2
Ueff707dbb373a21ccefbf2bbe73f4013,ã€Œé¡Œç›®ã€
Ueff707dbb373a21ccefbf2bbe73f4013,(A) 6ç¯€
Ueff707dbb373a21ccefbf2bbe73f4013,ã€Œé¡Œç›®ã€
Ueff707dbb373a21ccefbf2bbe73f4013,(D) 20
Ueff707dbb373a21ccefbf2bbe73f4013,ã€Œé¡Œç›®ã€
Ueff707dbb373a21ccefbf2bbe73f4013,ã€Œé¡Œç›®ã€
Ueff707dbb373a21ccefbf2bbe73f4013,ã€Œé¡Œç›®ã€
Ueff707dbb373a21ccefbf2bbe73f4013,ã€Œé¡Œç›®ã€
Ueff707dbb373a21ccefbf2bbe73f4013,(B) 40m
Ueff707dbb373a21ccefbf2bbe73f4013,ã€Œé¡Œç›®ã€
Ueff707dbb373a21ccefbf2bbe73f4013,(C) 24å¹³æ–¹å…¬åˆ†
Ueff707dbb373a21ccefbf2bbe73f4013,ã€Œé¡Œç›®ã€
Ueff707dbb373a21ccefbf2bbe73f4013,(B) 40m
Ueff707dbb373a21ccefbf2bbe73f4013,ã€Œé¡Œç›®ã€
Ueff707dbb373a21ccefbf2bbe73f4013,(D) 20
Ueff707dbb373a21ccefbf2bbe73f4013,ã€Œé¡Œç›®ã€
Ueff707dbb373a21ccefbf2bbe73f4013,(B) 3æ¯”2
Ueff707dbb373a21ccefbf2bbe73f4013,ã€Œé¡Œç›®ã€
Ueff707dbb373a21ccefbf2bbe73f4013,(A) 6ç¯€
Ueff707dbb373a21ccefbf2bbe73f4013,ã€Œé¡Œç›®ã€
Ueff707dbb373a21ccefbf2bbe73f4013,(C) 24å¹³æ–¹å…¬åˆ†
Ueff707dbb373a21ccefbf2bbe73f4013,ã€Œé¡Œç›®ã€
Ueff707dbb373a21ccefbf2bbe73f4013,ã€Œé¡Œç›®ã€
Ueff707dbb373a21ccefbf2bbe73f4013,(B) 24cm
Ueff707dbb373a21ccefbf2bbe73f4013,ã€Œé¡Œç›®ã€
U107ceadfc316c981e9f70aee1241ade6,ã€Œé¡Œç›®ã€
Ueff707dbb373a21ccefbf2bbe73f4013,ã€Œé¡Œç›®ã€
Ueff707dbb373a21ccefbf2bbe73f4013,(A) 38m
Ueff707dbb373a21ccefbf2bbe73f4013,é€™é¡Œæ€éº¼ç®—æˆ‘éƒ¨æœƒ
Ueff707dbb373a21ccefbf2bbe73f4013,ä½ å¥½
Ueff707dbb373a21ccefbf2bbe73f4013,ã€Œè¨»å†Šã€
Ueff707dbb373a21ccefbf2bbe73f4013,ã€Œèªªæ˜ã€
Ueff707dbb373a21ccefbf2bbe73f4013,ã€Œè¨»å†Šã€
Ueff707dbb373a21ccefbf2bbe73f4013,/è¨»å†Š
Ueff707dbb373a21ccefbf2bbe73f4013,ã€Œè¨»å†Šã€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
Ueff707dbb373a21ccefbf2bbe73f4013,ã€Œé¡Œç›®ã€
Ueff707dbb373a21ccefbf2bbe73f4013,ä½ å¥½
Ueff707dbb373a21ccefbf2bbe73f4013,ã€Œé¡Œç›®ã€
Ueff707dbb373a21ccefbf2bbe73f4013,(D) 20
Ueff707dbb373a21ccefbf2bbe73f4013,ä½ å¥½
Ueff707dbb373a21ccefbf2bbe73f4013,ã€Œé¡Œç›®ã€
Ueff707dbb373a21ccefbf2bbe73f4013,(C) 24å¹³æ–¹å…¬åˆ†
Ueff707dbb373a21ccefbf2bbe73f4013,(C) 24å¹³æ–¹å…¬åˆ†
Ueff707dbb373a21ccefbf2bbe73f4013,ã€Œé¡Œç›®ã€
Ueff707dbb373a21ccefbf2bbe73f4013,1
Ueff707dbb373a21ccefbf2bbe73f4013,ã€Œé¡Œç›®ã€
Ueff707dbb373a21ccefbf2bbe73f4013,(C) 24å¹³æ–¹å…¬åˆ†
Ueff707dbb373a21ccefbf2bbe73f4013,ã€Œé¡Œç›®ã€
Ueff707dbb373a21ccefbf2bbe73f4013,(B) 3æ¯”2
Ueff707dbb373a21ccefbf2bbe73f4013,å—¨å—¨
Ueff707dbb373a21ccefbf2bbe73f4013,ä½ å¥½å‘€
Ueff707dbb373a21ccefbf2bbe73f4013,å—¨
Ueff707dbb373a21ccefbf2bbe73f4013,å“ˆ
Ueff707dbb373a21ccefbf2bbe73f4013,a+
Ueff707dbb373a21ccefbf2bbe73f4013,ã€Œé¡Œç›®ã€
Ueff707dbb373a21ccefbf2bbe73f4013,a++
Ueff707dbb373a21ccefbf2bbe73f4013,su3cl3
Ueff707dbb373a21ccefbf2bbe73f4013,ä½ å¥½ä¸–ç•Œ
Ueff707dbb373a21ccefbf2bbe73f4013,ä½ ä¾†
Ueff707dbb373a21ccefbf2bbe73f4013,ä½ å¥½
Ueff707dbb373a21ccefbf2bbe73f4013,ğŸ˜¤ğŸ¥³
Ueff707dbb373a21ccefbf2bbe73f4013,'w'sj3\\
Ueff707dbb373a21ccefbf2bbe73f4013,ä½ å¥½
Ueff707dbb373a21ccefbf2bbe73f4013,ä½ æ˜¯ç¬¨è›‹
Ueff707dbb373a21ccefbf2bbe73f4013,æˆ‘å¥½å¼·
Ueff707dbb373a21ccefbf2bbe73f4013,æ™šå®‰
Ueff707dbb373a21ccefbf2bbe73f4013,å—¨ä½ å¥½
Ueff707dbb373a21ccefbf2bbe73f4013,å—¨
Ueff707dbb373a21ccefbf2bbe73f4013,ä½ å¥½
Ueff707dbb373a21ccefbf2bbe73f4013,æ°´å•¦
Ueff707dbb373a21ccefbf2bbe73f4013,ä½ å¥½
Ueff707dbb373a21ccefbf2bbe73f4013,åŠ æ²¹
Ueff707dbb373a21ccefbf2bbe73f4013,çš„
Ueff707dbb373a21ccefbf2bbe73f4013,ä»–
